Locus	Ref	Observed Allele
chr14:95557629	T	A
chr9:139399367	G	GTTA
chr5:112175752	TTTATTACA	T
chr5:112174631	C	T
chr15:45003746	T	G
chr7:151188049	T	C
chrX:70339233	CGGCCTTGAATGTAAAACAAGGTTT	C
chr9:139399344	A	T
chr10:89720805	CT	C
chr3:128200720	C	G
chr15:91358271	G	GGAA
chr17:63010302		<CNV>
chr7:34009946	C	T
chr4:55968610	C	T
chr19:3118942	A	G
chrX:70339256	TTCAATAACCAGC	T
chr2:46607406	A	C
chr12:121431414	G	C
chr9:113208250	T	G
chr4:55599320	G	C
chr6:26031986		<CNV>
chr21:47786449	T	A
chr21:36231782	C	A
chr9:139656670	T	C
chr4:55599320	G	C
chr8:104337367	A	C
chr12:133236000	C	T
chr16:397044	G	T
chr9:133748415	T	G
chr3:178952090	G	C
chr10:105819956	G	A
chr12:129563031		<CNV>
chr14:45644589	G	T
chr16:2126130	C	T
chr3:178928080	A	C
chr13:21555544	CT	GA
chr12:49420213	C	A
chr7:140453193	T	G
chr5:176522551	G	A
chr1:120458435	T	TG
chr19:36214632	A	AG
chrX:70339240	GAATGTAAAA	G
chr2:61719472	C	G
chr3:41266100	T	G
chr7:123256427	C	T
chrX:53432580	G	A
chr6:29910986	G	A
chr17:7578460	A	T
chr7:128845572	G	A
chrX:16168677	T	C
chr5:147480080	G	A
chr6:118886961	G	T
chr11:32417946	C	CA
chr3:12645694	A	G
chr10:123274774	A	G
chr13:28592630	C	T
chr3:178922325	A	T
chr19:36228954	G	T
chr13:28608251	T	TTGAGATCATATTCATATTCTCTGA
chr4:55599338	A	C
chr4:57397050	A	C
chr4:106193931	C	T
chr7:55249017	C	CCCACGT
chr4:1806090	G	A
chr2:231406680	T	C
chr17:37880997	G	CTTT
chr4:55593661	T	C
chrX:47426121	C	G
chr4:187628398	C	G
chr16:2126131	G	A
chr4:55589693		<CNV>
chr7:148506444	G	A
chr13:49033747	G	A
chr17:38512270	G	T
chr13:28608265	A	ATATTCTCTGAAATCGTTAGGTGAG
chr9:5073770	GTCT	TTCC
chr2:16082317	C	A
chr5:121761086	G	A
chr17:37880261	G	C
chr17:41258504	A	C
chr5:35874574	A	ACAAGGGTGC
chr10:105819956	G	A
chr3:10188200	C	A
chr8:19316086	G	A
chr19:14204349		<CNV>
chr1:241262010	C	T
chr5:35874571	C	CTAACTCCGCCAGTATGCTCCG
chr9:133748404	G	C
chr17:7577090	C	G
chr5:80109454	A	G
chr18:48593405	G	A
chr1:65325832	C	CG
chr3:121616272	G	C
chr2:25463287	G	C
chr11:32417908	C	CGACCGTA
chr7:55233043	G	C
chr2:242036797	A	G
chr4:55593661	TTCCTTA	T
chr1:243579112	G	A
chr13:32900288	G	A
chr19:52715983	G	C
chr10:89692905	G	T
chr4:153249384	C	T
chr15:50782647	C	G
chr7:55248998	A	ATGGCCAGTG
chr9:133750421	A	G
chr5:67522722	C	T
chr15:66774168	T	C
chr10:89692980	A	G
chr9:133748416	C	A
chr5:112175771	GA	G
chr9:133748288	T	C
chr10:89720811	CAA	C
chr17:7578393	A	T
chr2:178098953	C	A
chr19:45871992	C	G
chr1:247752367	A	G
chr4:55152091	AGACATCATGCAT	A
chr4:143033778	T	C
chr12:123810873	G	A
chr7:116423408	A	T
chr9:139399297	T	C
chrX:47444985	T	C
chr3:113955320	C	T
chrX:70339255	TTTCAATAACCAG	T
chr16:3788651	C	A
chr10:123258035	T	C
chr3:10183797	T	C
chr2:68613710	G	A
chr3:47282303	G	A
chr3:178921549	T	C
chrX:107977610		<CNV>
chr6:5431340	A	G
chr2:39281778	T	A
chr12:121437221	T	C
chr19:10600447	G	A
chrX:66943564	C	A
chr16:3788649	A	T
chr7:55241678	AAAC	G
chr3:10191480	T	A
chr3:128356852	C	T
chr1:23885752	G	C
chr10:89711876	G	A
chr11:108200961	G	A
chr9:98238358	G	A
chr9:139400904	C	T
chr11:100909991	T	C
chr12:6700658	C	T
chr19:40762853	AA	CG
chr4:55593607	A	ATCC
chr3:10183763	A	T
chr4:55593596	AGTACAGTGGAAGGTT	A
chr3:128204951	C	T
chr6:107113715	G	A
chr3:178952074	G	A
chr5:112175768	ACGGAAAG	A
chr17:7577093	C	T
chr6:157405761	G	A
chr7:140481403	C	G
chr9:139399408	GCACCAC	G
chr13:28608281	A	G
chr10:123247514	C	G
chr17:40467740		<CNV>
chr6:29911114	G	A
chr1:43815008	T	C
chr16:3786704	A	C
chr12:30881809	T	C
chr10:89711902	T	A
chr19:52519608	C	T
chr1:223905532	G	A
chr7:140453155	CA	TC
chrX:133511988	G	A
chr16:3656680	G	A
chr10:123247549	C	T
chr1:63999868	T	C
chr17:67513055	A	G
chrX:119660593		<CNV>
chr7:55249010	G	GACT
chr2:120885310	G	A
chr17:7577106	G	A
chr3:178916946	G	C
chr18:48584593	C	A
chr7:55221830	G	T
chr14:95560476	C	T
chr1:162313735	C	T
chr8:39525750	C	A
chr4:123664204	G	A
chr22:30032794	C	T
chr6:126210395	T	G
chr21:36252937	G	GCCTGCCC
chr7:99796146	A	C
chr12:49438067	G	A
chr11:124135438	G	A
chr11:17393644	A	G
chr6:350767		<CNV>
chr16:2098579		<CNV>
chr3:178952018	A	G
chr7:116412026	GAGCTACTTTTCCAGAA	G
chr7:148508728	A	G
chr11:108200958	A	G
chr17:7577532	G	A
chr18:48593405	G	T
chr12:25380276	T	G
chr2:46607403	C	T
chr11:69456212	A	G
chr12:112888162	G	C
chr2:178098969	G	T
chr5:112175603	AC	A
chr7:128845103		<CNV>
chr4:143003155	G	GA
chr1:248201570		<CNV>
chr11:69513948		<CNV>
chr3:178936083	A	T
chr7:116412026	GAGCTACTTTTCCAGAA	G
chr19:1219274	G	A
chr1:11168338	C	G
chr19:14015711	C	A
chr4:55599320	GAC	CAT
chr10:121551581	A	C
chr6:130154667	T	C
chr22:29083949	C	G
chr2:178098808	C	A
chr1:34038214	T	C
chrX:70339244	GTAAAACAAGGTT	G
chr5:35874570	A	AAACCCATGC
chr14:38061214	AGCAGCCGTTCTCGAACATGTT	A
chrX:152610985	T	C
chr13:41240280	T	C
chr1:20442054	T	C
chr3:138665213	C	T
chr19:17949164	T	A
chrX:70339253	G	T
chr14:75489632	C	T
chr1:115258743	AC	GA
chr7:55249018	C	CCACGTG
chr21:36252938	C	CGGAACAGACTTCTT
chr10:43615567	AGC	TTT
chr17:41219780	T	C
chr4:153249384	C	T
chr8:38285890	G	C
chr13:73343039	C	T
chr2:29443609	T	G
chr8:145739924	G	A
chr18:48591919	G	C
chr20:44141331	A	G
chr10:123256219	C	A
chr2:79348683		<CNV>
chr13:32890491		<CNV>
chr1:91980447	A	G
chrX:70339255	TTTCAATAACCAGCCTGCTGTC	T
chr4:55593632	CAATTATGTTTACATAGACCCA	C
chrX:20156734	C	A
chr12:56492633	A	G
chr14:38061230	C	T
chr3:128202759	G	C
chr7:55249002	C	CCAGCGTGGA
chr4:55141036	T	C
chr14:105243048	G	T
chr13:28592640	A	C
chr14:105243048	G	T
chr4:1801486	C	T
chr19:288006		<CNV>
chrX:47422311		<CNV>
chr12:25378561	G	C
chr2:178098800	T	G
chr10:49609777	G	A
chr5:112175602	AAC	A
chr1:162724523		<CNV>
chr4:55955863	G	A
chr18:28574139		<CNV>
chr18:48575159	C	T
chr1:248262685		<CNV>
chr17:7577568	C	T
chr7:128846398	C	T
chr12:58145430	C	A
chr19:14208443	C	A
chr18:48593405	G	C
chr5:35874575	C	CGAGGCCTTGTGG
chr13:28608248	C	CATTTGAGATCATATTCAT
chr1:9770626	G	A
chr3:52582040		<CNV>
chr20:31022959	T	C
chr3:178952085	A	G
chr1:115258745	C	G
chr17:63010910	C	T
chr14:33015082	A	G
chr7:148484135		<CNV>
chr7:140453155	C	A
chr3:52443892	C	T
chr2:198266821	A	C
chr22:29083949	C	G
chr10:8111513	T	TG
chr1:97544504		<CNV>
chr1:115258747	C	T
chr4:106164778	C	T
chr13:48936983	C	T
chr6:117631463	T	TTAA
chr2:29432682	C	G
chr17:7578190	T	G
chr7:55242469	TTAAGAGAAGCAAC	CA
chr19:6375831	G	A
chr5:112175950	A	AG
chr2:198266611	C	T
chr19:42799060	G	T
chr10:91099630	T	C
chr12:112888156	A	T
chr3:168818707	GCC	GTT
chr3:97664725	C	T
chr13:32936733	A	T
chr1:152130229		<CNV>
chr19:45860556	G	C
chr16:67968452		<CNV>
chr9:21077716	G	A
chr19:10602314	C	T
chr7:63529938		<CNV>
chr11:32417942	A	AGGAC
chr4:55144068	G	A
chr12:10069302	C	T
chr7:55241710	TC	AT
chr10:89720907	T	G
chr3:10183793	T	C
chr11:119148982	G	T
chr10:113935379	T	C
chr2:212488717	C	A
chr2:39281778	T	A
chr20:2552926	T	C
chr6:35425416	A	G
chr17:7578203	C	A
chr9:133755470	C	T
chr12:49221622	G	A
chr1:10479678	G	A
chr4:55133716	CAGAGAA	C
chr12:56477694	A	T
chr2:148693062		<CNV>
chr8:2092803	A	G
chr2:209113112	C	A
chr18:48575209	C	T
chr22:22127163	T	A
chr9:21971107	T	C
chr5:67591128	G	T
chr7:148506391		<CNV>
chr21:36252938	C	CGG
chr1:11177096	C	T
chrX:31893307	T	G
chr17:7578407	G	T
chr4:55589768	CTTACGA	T
chr5:55260058	CAAAATACACAGT	C
chr3:178936094	C	A
chr21:36171607	G	A
chr17:47696425	A	G
chr17:39084504	T	C
chr12:112888190	A	T
chr14:58838668	A	G
chr5:112175245	TCC	T
chr17:7578551	A	T
chr8:128752961	C	CAACGTCTTGGAGCGCCAGAGGAGG
chr17:47696642	G	C
chr4:55144148	C	A
chr9:21971026	C	A
chrX:41043781	G	A
chr3:52678783	AT	A
chr1:27105553	C	T
chr3:178947827	G	A
chr11:32417945	T	TCCTA
chr4:38775040	A	G
chr10:73455273	T	C
chr4:55955541		<CNV>
chr4:55144148	C	G
chr20:57484420	C	G
chrX:70339254	G	A
chr5:61694379	T	C
chr11:32413610	C	A
chr10:123258036	T	G
chr19:7975348	G	T
chr11:119148991	G	A
chr17:77042718	C	T
chr1:248112166		<CNV>
chr7:53103571	G	A
chr7:18875084	C	G
chr5:149433645	T	C
chr7:140453136	A	G
chr12:49416046	TC	T
chr12:6692405		<CNV>
chr10:43617415	A	G
chr10:104387019	T	C
chr7:116412040	GAAGGT	G
chr4:55593599	ACAGTGG	A
chr1:115256527	CT	TG
chr1:236208773	C	T
chrX:44942756	C	CGA
chrX:70339223	GATGAACTGACGGCCTTGA	G
chr1:97547947	T	A
chr7:140481402	C	G
chr2:198267360	T	A
chr17:7577548	C	G
chr7:116418976	G	C
chr15:66774132	A	T
chr9:72897434	G	A
chr12:112888199	C	T
chr9:133748416	C	G
chr12:1022494		<CNV>
chr11:32417912	C	CCGTACAAG
chr17:73488794	C	T
chr7:116411886	TTTCTCTCTGTTTTAAGATC	T
chr15:50782641	C	G
chr14:104194196	C	G
chr18:60985508	G	A
chr19:21688602	C	G
chr10:8106058	T	G
chr1:43815008	TG	AA
chr7:55249003	C	CTACGTGATG
chr12:112888195	T	C
chr5:112175210	AT	A
chr15:83215251	T	C
chrX:133551319	C	T
chr17:7578457	C	T
chr11:55595114	GCG	TTC
chr13:28608262	T	TTCATATTCTCTGAAATCAACGTAG
chr10:123263335	C	G
chr14:68290164		<CNV>
chr12:56482341	G	A
chr15:41961065		<CNV>
chr7:140453154	T	G
chr4:55141028	CTGGAGG	C
chr7:116412038	CAGAAGGT	C
chr17:41215890	C	A
chr4:153247288	C	T
chr11:7949860	G	A
chr7:140453154	T	A
chr2:203329535		<CNV>
chr6:46135489	T	C
chr4:55599322	C	G
chr11:108236086	C	T
chr17:7577543	C	G
chr2:202151270	C	T
chr7:148506444	G	A
chr17:7577099	C	T
chr19:11134251	C	T
chr14:105246449	G	A
chr18:60795830		<CNV>
chr2:46607402	C	T
chr5:35874574	A	ACAAGGGTGC
chr18:67531642	T	C
chrX:140993264	G	A
chr7:55242469	TTAAGAGAAGCAACATCT	CAA
chr2:25457158	G	A
chr17:7577084	T	C
chr7:98490075		<CNV>
chr3:109052732	T	C
chr17:37881002	G	GGGCTCCCCT
chr12:112888163	G	C
chr10:73082563	A	G
chr3:178916935	C	T
chr18:724481		<CNV>
chr4:55593636	TATGTTTACATAGACCCAACACAAC	TGTG
chr3:12645694	A	C
chr9:139399325	G	GGCGACA
chr3:73111973	A	G
chr12:112888166	A	G
chr18:60027241	C	T
chr5:55260053	GTTGACAAAATAC	G
chr18:31432806		<CNV>
chr3:53531424	G	T
chr1:115256530	G	T
chr15:90631837	CC	AT
chr7:55249003	C	CAGCGTGGGG
chr6:125284457	T	C
chr12:863233		<CNV>
chr13:49033845	G	A
chr14:75514603	C	CT
chr11:101981594		<CNV>
chr17:7578443	A	G
chr7:18993870	C	T
chr4:1701317	G	A
chr13:32928996	A	T
chr2:191301368	A	G
chr20:39766236		<CNV>
chr1:156849108	G	C
chr6:170627586	G	T
chr16:89789898	T	C
chr9:5078362	A	T
chr17:7577082	C	T
chr14:81609937	T	A
chr4:55593603	TGGAAGGTTG	T
chr5:1253783		<CNV>
chr11:14810762	A	G
chr10:890938	GT	G
chr20:2945759	C	T
chr11:119149244	T	A
chr4:187584771	C	G
chr2:176965086	G	A
chr3:151155620	G	A
chr14:62550877	G	A
chr17:41234470	A	G
chr17:7578203	C	T
chr7:2952886	C	T
chr17:47696432	A	C
chr17:7578460	A	G
chr7:55242467	AATTAAGAGAAGCAACA	TTGCT
chr3:41266103	G	C
chr5:131915213	G	A
chr14:95560464	C	A
chr11:119148967	G	C
chr19:39308190	C	T
chrX:70339254	GTTTCAATAACCAGCCTGCTGTCTC	G
chr15:69328226	C	T
chr17:7577544	A	T
chr19:54327313	C	A
chr5:56111751	G	C
chr8:145738886	G	A
chr4:55594261	A	C
chr17:47696426	A	C
chr12:4479456		<CNV>
chr9:139399324	T	TGGAACC
chr1:248436611	G	A
chr2:69173570	C	T
chr3:178921552	A	T
chr6:32796685	A	G
chr7:55249012	C	CGGCACA
chr9:95284982	T	G
chr5:180057231	C	A
chr2:170403030	T	C
chr13:73649905	G	C
chr2:39249913	C	G
chr9:5072541	G	T
chr1:100672060	T	C
chr7:128850310	A	T
chr8:145742514	A	G
chr12:56482341	G	C
chr2:178098804	C	A
chr7:55221821	G	A
chr4:1803567	T	A
chr3:138665163	G	C
chr7:140481412	C	G
chr11:534288	C	T
chr7:55249005	GCG	TCT
chr8:29989564	A	G
chr14:95557629	T	G
chr2:124979278		<CNV>
chr2:61719471	T	C
chr1:11182179	G	T
chr6:117622233	C	T
chr22:20079390		<CNV>
chr10:28142294	T	TATAA
chr12:101520875	G	A
chr2:29445270	A	C
chrX:70608133		<CNV>
chr9:37729786	C	T
chr9:133748289	T	G
chr9:21971185	C	T
chr7:55249011	A	ACAACCC
chr6:29910700	G	T
chr4:79238649	T	C
chr12:56478817	G	C
chr7:34009946	C	T
chr19:52716323	C	T
chr1:11188164	G	C
chr2:25458546	C	T
chr1:57341787	T	A
chr3:41266104	G	T
chr14:95557629	T	A
chr15:50782640	TCCTCCCCAGATATAA	T
chr15:79755604	A	G
chr6:29911190	G	A
chr2:209113113	G	C
chr22:41565529	G	T
chr7:55242467	A	G
chr3:178952075	A	T
chr10:89717672	C	T
chr10:89717769	T	TA
chr6:152419920	TC	AG
chr13:28602380	T	C
chr3:10183770	G	T
chr11:119103202		<CNV>
chr9:133747572	CAA	CCGGGGGGG
chr1:63999891	T	C
chr14:105239420	C	G
chr5:112175748	ATACTTTAT	A
chr15:65553246	C	T
chr6:82900811	G	A
chr1:11184570	A	G
chr6:29913197	T	C
chr11:32417914	G	GGGGATGTCCT
chr17:7578211	C	T
chr14:105246448	G	A
chr11:55594705		<CNV>
chr9:133753947	G	A
chr4:55593604	G	C
chr16:89836697	C	A
chr4:55144146	A	C
chr11:32417922	G	GTGGCCACC
chr1:9770510		<CNV>
chr21:36252937	G	GCCTGCCC
chr3:128202797	C	T
chr22:26702015	A	C
chr3:155241740	A	G
chr3:123988039	T	C
chr12:58145430	C	T
chr4:106197360	C	T
chr13:32937504	C	G
chr15:90631935	G	A
chr3:187440209		<CNV>
chr13:32912299	T	C
chr9:133748415	T	G
chr18:21511034	C	A
chr1:162748390	T	A
chr4:55593635	TTATGTTTACATAGACCCAACA	T
chr15:45003780	ACT	A
chr9:21816646	A	G
chr11:55860769		<CNV>
chr16:89845194	A	G
chr17:7577581	A	C
chr12:112888166	A	C
chr19:16855265	A	G
chr12:25398280	GC	TT
chr3:138374245	C	T
chr3:10183771	T	A
chr12:10069302	C	T
chrX:44732715		<CNV>
chr2:178098967	T	G
chr14:38061231	A	T
chr2:46607397	T	A
chr7:55242465	GGAATTAAGAGAAGCAA	AG
chr10:113935379	T	C
chr2:25978935	C	G
chr9:133753947	G	A
chr22:41551039	T	A
chr1:11187094	G	C
chrX:44942756	C	CGAGAAGA
chr11:32417914	G	GC
chr3:178952007	A	G
chr10:43613839	A	G
chrX:70339256	TTCAATAACCAGC	T
chr16:347184	A	G
chr7:55233043	G	T
chr1:11189847	A	T
chr1:10479635	C	G
chr3:178921551	A	C
chr4:143033641	T	C
chr5:112175624	AC	A
chr14:69061259	C	G
chr1:11168288		<CNV>
chr4:128723042	T	C
chr4:106156729	C	T
chr22:30057272	C	T
chr17:7578535	T	G
chr5:67591085	G	A
chr1:11174395	A	G
chr3:105389153	A	G
chr7:128850226	G	T
chr19:3186085	G	T
chr3:138664402		<CNV>
chr9:133748290	C	A
chr19:21720039	A	C
chr3:178952048	G	A
chr21:44524456	G	T
chr2:178098944	C	G
chrX:76907626	C	T
chr17:37881001	T	TGTGTGG
chr17:7578550	G	C
chr15:88476329	GAC	CAT
chr22:41565529	G	T
chr9:139390863	A	ACTCCCGTCAAC
chr19:15198631	A	C
chr7:116412041	AAGGTAT	A
chr1:22199245	C	T
chr2:198267483	C	G
chr18:48593405	G	T
chr12:133254144	C	G
chrX:70339249	ACAAGGTTTCAATAAC	A
chr19:12917452		<CNV>
chr3:178952032	T	G
chr18:19154044		<CNV>
chr9:139399368	A	C
chr3:128202768	C	T
chr12:9316773	T	C
chr4:187627792	T	C
chr2:48018030	A	G
chr19:42791716	G	A
chr13:28578185		<CNV>
chr7:141672705	G	A
chr3:178952084	C	A
chr12:51213433	A	G
chr13:32928996	A	T
chr12:66725160	C	T
chr4:187525020	A	C
chr12:49438067	G	A
chr21:47786494	C	T
chr17:37880997	G	GTTT
chr10:89653782	A	C
chr17:7578407	G	T
chr3:47058542		<CNV>
chr9:139399366	G	T
chr12:33535289	G	A
chr19:18278061	A	G
chr13:28608285	A	AGGTGTG
chr14:81610294	T	C
chr11:55761256	A	G
chr19:41743882	G	C
chr4:55152092	GAC	TAT
chr2:241558397	G	A
chr22:23654017	G	A
chr19:14208416	A	C
chr11:32417916	A	ACAAGAGTGGT
chr15:66774156	T	A
chr2:208477852	G	A
chr5:112175765	GC	G
chr12:9316773	T	C
chr2:29443600	G	A
chr15:45003780	ACT	A
chr14:73440864	C	T
chr12:49446116	G	T
chr1:2452569	T	C
chr7:55249012	C	CAGCGTCGAA
chr2:29416481	T	C
chr13:113917767	T	C
chr3:141327474	G	A
chr7:55242468	ATTAAGAGAAG	TC
chr3:41266077		<CNV>
chr2:16085996	G	A
chr7:116412023	A	C
chrX:66943551	C	A
chr17:7578190	T	A
chr6:117631463	T	TTAA
chr17:42225547	A	C
chr12:112888199	C	T
chr16:90141355	A	C
chr12:25398280	GCC	ACG
chr7:140481402	C	A
chr2:113309473	C	T
chr2:48032880	TATCTTA	TTA
chr10:89692893	C	T
chr3:178916946	G	T
chr19:18278049	G	A
chr11:119149244	T	A
chr4:55152092	G	T
chr9:8317921	G	T
chr4:113352899	G	A
chr4:1808331	G	A
chr5:23527525	T	C
chr1:107599918	C	T
chr7:116423475	G	A
chr2:215674341	A	G
chr6:160468278	A	G
chr3:158388780	T	C
chr9:133753947	G	A
chr1:11188012	C	T
chr15:49775393		<CNV>
chr8:69020496	T	C
chr3:187442854	G	A
chr6:66112409	A	G
chr2:198266711	T	G
chr7:55249014	A	AACT
chr14:21770730	A	G
chr6:31322252		<CNV>
chr13:28608258	C	CATATTCATATTCTCTGAA
chr5:112175522	AG	A
chr1:11217230	C	A
chr3:41274910	A	T
chr11:32417909	C	CCGACCGTACAAGA
chr1:193094272	C	G
chr18:48604789	C	G
chr17:74732951	AGTCCGGGGG	A
chr16:72993925	C	T
chr10:8097519		<CNV>
chr1:109265029	G	T
chr8:38271452		<CNV>
chr5:112175672	GA	G
chr1:156849107	G	T
chr17:7577545	T	C
chrX:40982869		<CNV>
chr3:12645699	G	C
chr20:36030940	G	A
chrX:66766015		<CNV>
chr13:28602379	C	G
chr3:10191479	C	G
chr17:41243050	C	T
chr16:68844172	G	C
chr4:153249456	C	G
chr4:153249393	G	T
chr12:6700659	G	A
chr5:112175532	TA	T
chr4:106164913	C	A
chr3:20042834	C	T
chr4:55599260	A	G
chr1:11182107	G	A
chr17:7578526	C	G
chr8:134125682	G	A
chrX:70339240	GAATGTA	G
chr4:55599333	A	C
chr2:46607402	C	G
chr21:36231773	C	T
chr1:247752367	A	G
chr4:187120211	C	A
chr4:17818885	T	C
chr5:149505065	G	A
chr17:37866689	G	A
chr13:28608262	T	TTCATATTCTCTGAAATCAACG
chr9:139399368	A	C
chr17:7578460	A	C
chr20:31025231	T	C
chr9:21971109	G	C
chr19:11144114	G	A
chr16:20810067	T	C
chr2:47656801	G	A
chr19:50404939	T	G
chr7:140477836	GTAGGTGCTGTCACAT	G
chr7:140481417	C	T
chr12:112888210	G	A
chr2:29443618	G	A
chr11:32417946	C	CG
chr6:96999725	C	T
chr5:112175769	CG	C
chr5:131976385	C	T
chr7:98515127	G	A
chr3:178936070	G	A
chr21:19670118	G	A
chr13:28608252	T	TGAGATCATATTCATTTAGCCC
chr9:133747568	A	T
chr20:31022288	C	G
chr5:176522551	G	C
chr6:146126419	C	T
chr22:41566520	G	T
chr13:49033844	C	T
chr1:248685253	T	C
chr7:140453138	T	TGTA
chr7:55249013	AA	GGGTT
chr2:178095457		<CNV>
chr12:113319600	C	T
chr4:55593660	C	CTTCCTTATGATCACAAATGGGAGT
chr7:51096974	C	T
chr5:96124330	T	C
chr14:95557628	C	G
chr7:6012922		<CNV>
chr3:41266103	G	A
chr10:123256219	C	T
chr7:6426941	C	T
chr15:89806710	C	T
chr19:55340805		<CNV>
chr7:2977614	T	C
chr16:69745145	G	A
chr20:20032998	T	C
chr17:7318935	C	T
chr6:394848		<CNV>
chr17:7577118	C	G
chr5:112177171	G	A
chr4:84383635		<CNV>
chr18:48591888	G	A
chr17:7577099	C	G
chr7:6426892	C	A
chr16:396800	C	T
chr9:133748310	T	A
chr17:7577081	T	C
chr19:43979589	G	T
chr11:55432616		<CNV>
chr2:25463569	T	A
chr6:161508880	A	C
chr5:112175532	TAAGTGGC	T
chr5:41142912		<CNV>
chr17:37880219	T	A
chr12:121437382	A	G
chr2:25463286	C	A
chr7:55249070	A	G
chr5:79952390	T	C
chrX:70339246	AAAACAAGGTTTCAATAACCAG	A
chr7:55249088	G	A
chr10:48383854		<CNV>
chr14:50092471	T	C
chr11:32417946	C	CG
chr5:112177171	G	A
chr4:153249457	G	C
chr2:198266713	C	T
chrX:152610985	T	C
chr7:140453145	A	G
chr8:37730456	G	T
chr8:23423669	A	G
chr15:66727348		<CNV>
chrX:70339269	C	A
chr19:15295134	G	A
chr9:21971186	G	A
chr20:8755243	T	C
chr2:20131079	T	C
chr1:40362966		<CNV>
chr12:25398280	GC	CA
chr13:32906980	A	G
chr3:52441252	T	C
chrX:70339245	T	G
chr12:133220526	T	C
chr5:112175748	ATACTT	A
chrX:100613405	C	T
chr19:31025764		<CNV>
chr2:206911228	G	A
chr5:33998883	A	G
chr1:65300225		<CNV>
chr4:55593584	ACCCATGTATGAAGTACAG	A
chr16:3788618	G	A
chr17:53076799	G	A
chr19:42799050	C	T
chr17:37879604	G	A
chr6:35420188		<CNV>
chr5:79950726	C	CGCAGCGGCCGCAGCGCCC
chr3:178947827	G	T
chr9:133750286	G	A
chr7:55242469	TTAAGAGAAGCAACATCTCCGAA	GCCAACAAGGG
chr16:3788649	A	T
chr17:37880257	C	G
chr11:32417923	T	TCCCACCAC
chr17:7577098	T	A
chr2:29445273	G	C
chr7:128845168	T	G
chr5:96219500		<CNV>
chr16:69143577	A	G
chr17:63533789	T	C
chr17:7578235	T	G
chr2:39249914	C	A
chr17:7578266	T	A
chr7:55249012	C	CGGGTTT
chr9:139399344	A	AT
chr17:37880997	G	GTGT
chr10:8106003	C	T
chr2:239155053	C	T
chr2:191839539		<CNV>
chr1:11184574	A	G
chr20:36030939	G	C
chr15:73991923		<CNV>
chrX:123179197	C	T
chr3:10183794	G	C
chr7:70880867	A	G
chr5:176520181	A	G
chr1:11184589	C	G
chr17:7577153	C	A
chr2:160112881	G	T
chr3:178927974	G	A
chr14:81609858	A	T
chr1:65300225		<CNV>
chr4:55593603	TGGAAGG	A
chr2:70315174	T	A
chr7:128850290	A	C
chr3:41268766	A	T
chr2:178098815	T	A
chr14:38061240	G	A
chr7:92244380		<CNV>
chr7:128849190	A	G
chr9:133738357	T	C
chrX:149013727	A	G
chr2:25463286	C	T
chrX:47444985	T	C
chr15:90631837	CC	AT
chr11:111965573	T	C
chr17:7577560	A	T
chr14:38061463	T	C
chr14:38061208	G	C
chr6:129807629	C	T
chr1:241262010	C	T
chr19:41743883	C	T
chr5:176517769	G	T
chrX:41205590	G	A
chr17:9515777	G	A
chr1:156843676	G	T
chrX:135430483	T	C
chr17:29541476	C	T
chr7:55242470	TAAGAGAAGCAACATCTCCGAAAGC	CGAAAGG
chr16:3788618	G	A
chr2:11359120	G	T
chr2:29445213	AT	TG
chr5:16769273	G	A
chr11:64577329	TAGAC	T
chrX:153628245	C	T
chr8:128750945	C	T
chr15:84651185	C	A
chr9:21971036	C	A
chr17:56436109	C	T
chr14:75513828	G	A
chr7:55249017	C	CCCA
chr14:38061203	GCGGCGCAAGTAGCAGCCGTTCTCGAA	GTAGCGCTT
chr12:112888166	A	T
chrX:133551319	C	T
chr4:159894391	G	A
chr2:16082317	C	T
chr4:106580340	A	G
chr4:55599334	T	G
chr11:69466022	C	A
chrX:53228148	C	A
chr17:7578413	C	A
chr10:43617416	T	C
chr9:5073770	G	A
chr19:50169053		<CNV>
chr7:51096974	C	T
chr1:57341743		<CNV>
chr10:8115953	C	CCA
chr17:7577115	A	C
chr6:29913171	G	A
chr13:32954180	C	T
chr12:112888157	A	G
chrX:70339244	G	A
chr15:66727483	G	T
chr3:178936074	C	G
chr3:178952079	A	G
chr17:29562641	C	T
chr4:106197360	C	A
chr11:5345170	A	G
chr4:1807891	G	C
chr11:123600475	A	G
chr7:53104078	G	A
chr3:47058542		<CNV>
chr15:34528948	G	A
chr4:57881715	G	A
chr1:11189845	G	C
chr2:207824384	T	G
chr15:41991315	A	T
chr7:55242461	TCAAGGAATTAAGAGAAGC	T
chr7:87174066	T	C
chr1:193111228	TGAGAGAGAGAGAG	TGAGAGAGAGAG
chrX:70339253	G	A
chrX:122537277	T	C
chrX:8503641	G	A
chr3:12645688	G	A
chr5:81549216	C	T
chr7:116411901	AG	A
chrX:47426121	C	T
chrX:108708516	C	T
chr15:22368487		<CNV>
chr4:55961110	G	A
chr3:53531411		<CNV>
chr12:112888211	A	T
chr1:228509427	A	G
chr7:140453145	A	C
chr8:139144776		<CNV>
chrX:70339246	AAAACAAGGTTTC	A
chr3:10183794	G	C
chr1:204434277	T	C
chr9:87563527	G	A
chr17:33427950		<CNV>
chr3:49413010	G	A
chr12:56478854	G	A
chr13:49030485	G	C
chr13:28608271	T	TCTGAAATAAGGG
chr17:7577570	C	T
chr6:82933309	C	T
chr11:32417942	A	AAGTC
chr2:29445213	A	G
chr19:41743861	A	G
chr10:28101434		<CNV>
chr6:29911198	T	C
chr21:36252939	C	CG
chr5:180043377	C	T
chr3:178952074	G	C
chr5:67589138	G	C
chr19:50169132	C	T
chr4:55593582	AAACCCATGTATG	A
chr19:15272238	G	A
chr11:119148892	A	C
chr12:69202958		<CNV>
chr4:55593584	ACCCATGTATGAAGTACAG	A
chr15:89804043	C	T
chr5:175717216	C	T
chr6:161519350	CCTG	C
chr11:32417941	C	CACTTTTT
chr19:18278061	A	G
chr5:112175748	ATACTTTAT	A
chrX:70339231	GACGGCCTTGAATGTAAAACAAGGT	G
chr17:56435160	AC	A
chr5:35874575	C	CACTTCCCTGCGTCTA
chr5:112175771	GA	G
chr3:183696402	A	G
chr2:39278344	T	C
chr7:116423408	A	T
chr10:123298222	T	A
chr11:64572018	T	C
chr20:57829301	T	C
chr2:48032937	T	C
chr17:7577507	T	G
chr17:37880998	G	T
chr17:41267755	T	C
chr1:98348837	G	A
chrX:70339245	T	G
chr18:42531917	T	C
chr15:90630354	G	C
chr5:112175603	AC	A
chr7:55241705	T	A
chr6:111982890		<CNV>
chr21:36231783	G	A
chr2:178098804	C	G
chr2:203806724	C	T
chr18:743436	T	C
chr17:7578461	C	A
chr16:2138293	CCGGCTCCGCCACATCAAG	C
chr10:123274774	A	G
chr13:111980478	A	G
chr17:29533315	C	T
chr16:3788605	T	G
chr1:97981343	A	C
chr4:55593660	C	T
chr12:6702279	C	T
chr6:17834213	T	C
chr17:7578458	G	T
chr6:31325028	AAT	GAC
chr6:44255459	G	A
chrX:118148229	A	G
chr7:122635024	C	T
chr1:115252203	G	A
chrX:15817963	A	G
chr9:21971111	G	T
chr1:204429838	C	G
chr11:56143141		<CNV>
chr13:49033902	T	C
chr17:47696425	A	G
chr1:23885498	T	C
chr1:247875314	C	A
chr14:95557641	C	A
chr22:24176351	CG	C
chr12:25380277	GA	TT
chr17:38508601	C	T
chr19:14208444	A	T
chr12:112888189	G	A
chr10:61665886	C	A
chr22:24145582	C	T
chr10:43615568	G	T
chr12:133357412	T	C
chr9:139399367	G	GCTT
chr11:119149242	C	A
chr20:31022416	GAGAGGCGGCCACCACTGCCATC	G
chr19:21720153	T	C
chr1:27106649	G	A
chr9:98229426	C	G
chr6:35423662	A	C
chr20:52198393	C	A
chr12:112888191	G	T
chr3:178947827	G	A
chr9:98244269	C	T
chr11:12525925	C	T
chr17:62006799	A	C
chr3:178936095	A	T
chrX:132437337	G	A
chr9:133748390	A	G
chr2:178098944	C	A
chr16:3781956	G	C
chr10:89692878	C	A
chr7:84628989	T	G
chr12:58145436	T	C
chr4:106190740	G	A
chrX:53440235	G	A
chr3:1424718	G	A
chr7:55227927	G	A
chr7:116411878	GCTCTTTCTTTCT	G
chr5:55260054	TTGACAAAATACACAG	T
chr7:55249012	C	CAGCGTCGAA
chr7:6426823		<CNV>
chr19:15276923	C	T
chr19:17945970	G	A
chr9:98241404	G	A
chr17:7578508	C	T
chr2:198267361	T	G
chr1:67852335	G	A
chr5:131895051	G	T
chr21:36252869	C	A
chr9:87563510	T	G
chr8:90993621	A	G
chr4:106180785	C	G
chr13:41240244		<CNV>
chr10:72358577	G	A
chr10:73455273	T	C
chrX:44942758	T	TTGTGGGCCCG
chr5:112175210	AT	A
chr12:25398285	C	A
chr11:533873	CT	TA
chr17:7578457	C	T
chr9:139390864	C	CGCTGGGCA
chr13:28608281	A	C
chr8:139164192	G	A
chr12:133234391	TAT	T
chr7:140453133	T	A
chr15:89858602	T	C
chr7:116412038	CAGAAGGTATATTTCAGTT	C
chr5:33527235		<CNV>
chr21:42817930	G	A
chr17:79244802	T	C
chr18:48593406	G	C
chr10:43615014	G	A
chr1:115256529	T	A
chrX:20156734	C	G
chr10:114925316	G	GA
chr11:32417911	A	ACC
chr5:112175672	GAA	G
chr11:108192066	A	G
chr2:230668858	T	C
chr3:142168331	C	T
chr9:127912079	C	A
chr11:2169014	A	G
chr10:43613843	G	T
chr4:153247288	C	T
chr17:7577105	G	A
chr7:55242466	GAATTAAGAGAAGCAAC	CT
chr9:94087622	T	G
chr5:38968098	C	T
chr3:41266108	C	G
chr20:39750723	G	T
chr6:55739553	A	G
chr16:3786766	T	G
chr17:74732935	CGGCGGCTGTGGTGTGAGTCCGGGG	C
chr20:41306600	A	G
chr4:55152112	C	A
chr17:37881064	C	T
chr13:28592628	A	T
chr5:35874573	A	AACTTGTCCC
chr11:32417911	A	ACCGTACAAGAGTC
chr17:7577570	C	A
chr1:193094375	T	C
chr4:1806152	G	A
chr8:86351997	G	A
chr7:140481411	C	G
chr7:55249004	A	G
chr2:178098953	C	T
chr17:40474420	C	G
chr4:1807891	G	C
chr11:119149241	C	T
chr7:55227926	G	A
chr13:41240288	C	T
chr4:55593608	GGTTGTT	G
chr13:25000617	C	G
chr16:58743454	A	C
chr11:533873	C	G
chr16:10995933	A	G
chr17:41245466	G	A
chr7:151859683	G	A
chr11:119148573	G	T
chr6:138197331	A	C
chr1:16475126	C	T
chr13:48941648	C	T
chr13:22245989		<CNV>
chr9:139399325	G	GGGGGGCATTGAT
chr4:55593596	AGTACAG	A
chr15:66727348		<CNV>
chr17:37881002	G	GGGCTCCCCT
chr8:33416222	C	T
chr17:40481576	T	G
chr15:66729179	C	G
chr12:49444545	G	A
chr4:844752		<CNV>
chr9:8317921	G	A
chr11:111957573		<CNV>
chr17:7578404	A	T
chr6:117632270	G	A
chr12:72771796		<CNV>
chr5:139745154	T	C
chrX:66943552	A	G
chr5:112175217	AAAAG	A
chr14:81610294	T	C
chr3:168812977	C	T
chr7:55249019	C	CCTAACCCCT
chr9:139656706	A	C
chr11:48346822	A	C
chr4:55139833	C	T
chr3:178917478	G	A
chr19:41743948	C	T
chr3:52441264	T	G
chr4:106190860	C	T
chr17:47696424	G	T
chr4:106190797	C	T
chr2:208477852	G	A
chr3:10191492	G	A
chr1:115256528	T	G
chr1:16265904	T	A
chrX:133511628		<CNV>
chr4:55589774	A	ACTTCCT
chr2:29443600	G	T
chr22:29913272	C	T
chr7:55242480	AACATCTCCGAAAGCCAACAAGGAAAT	AAA
chr3:178916930	G	T
chr7:55249005	G	GCGTGGACAA
chr19:14273641	A	G
chr19:42793590	G	A
chr2:25457247	C	T
chr12:6701583	C	A
chr18:45371695	A	G
chr7:55249011	A	ACAACCC
chr16:89804984		<CNV>
chr14:20248397		<CNV>
chr18:28734749	A	G
chr1:156846342	G	A
chr17:43319770	C	T
chr9:139397762	A	T
chr2:148693062		<CNV>
chr5:123983915	G	T
chr5:112175602	AAC	A
chr6:83880167	C	T
chr10:89725051	T	A
chr11:59211188	G	A
chr13:28608237	T	TTGGAAACTCCCATTTGAGATCATA
chr2:198266709	C	A
chr3:47144868	G	A
chr1:115256528	T	A
chr14:95557638	T	A
chr9:139399367	G	CGGCCCC
chr10:89692902	G	T
chr1:45293709	G	A
chr6:149983274	C	A
chr7:2977615	C	T
chr12:49434491	AG	A
chr17:7577100	T	C
chr17:16004537	G	A
chrX:44942758	T	TTGTGGGCCCG
chr19:40742001	T	C
chr10:89692791	A	G
chr4:153249456	C	T
chr9:5078361	G	C
chrX:70339225	TGAACTGACG	T
chr10:49628312	C	G
chr11:69455949		<CNV>
chr10:104264107	C	T
chr16:3788649	A	T
chr13:25009441	C	G
chr10:43609097	G	A
chr5:56161787	G	A
chr11:2169014	A	G
chrX:39914723	G	A
chr4:106164778	C	T
chr4:187557893	T	C
chr7:43810764	G	A
chr11:32417915	T	TACAAGAGTCAAGGGTTG
chr7:53103371	G	T
chr4:55599320	GA	TT
chr1:120457903		<CNV>
chr12:112888156	A	T
chr2:16082393	G	A
chr6:55638913	G	A
chr10:43615568	G	T
chr1:109265029	G	T
chr9:80409489	G	T
chr9:133750356	A	G
chr5:35873648	G	A
chr2:205912403	T	C
chr7:55242478	G	C
chr7:55249012	C	CGGCACA
chr7:55249021	C	CCAG
chr9:139399367	G	GTCC
chr4:55593648	G	GACCCAACACAACTTCCTTATGATC
chr7:48004962	C	T
chr14:81610258	A	G
chr9:7103816	C	T
chr16:72830902	CCT	C
chr4:106155172	T	C
chr13:28592642	C	T
chr5:231111	T	C
chr4:187530313	C	T
chr4:55593610	T	C
chr3:138665358	C	G
chr17:7578536	T	C
chr15:66729136	T	C
chr1:39748921	G	A
chr7:51097063	T	G
chr14:45606287	C	T
chr17:7577560	A	C
chr12:46230691	C	T
chr9:139397768	A	G
chr7:116411869	CTTTAACAAGCTCTTTCTTTCTCTCTGT	C
chr5:154395458	G	A
chr4:55152114	A	G
chrX:39921444	T	C
chr1:155870416	G	A
chr5:112175211	TAA	T
chr1:8073246		<CNV>
chr16:336630		<CNV>
chr2:61749716	C	T
chr5:153413390	C	T
chr20:32267637	G	A
chr6:52129484	C	T
chr17:7578269	G	A
chr17:59760996	A	G
chrX:70339252	AGGTTTCAATAACCAGCCTGCT	A
chr17:8161149	C	T
chr4:55593605	G	T
chr4:1962735		<CNV>
chr6:147635413	A	G
chr9:127177161	A	G
chr12:112926908	C	G
chr9:5090641	G	A
chr13:49281309		<CNV>
chrX:70339231	GACGGCCTTGAATGTA	G
chr8:52232409		<CNV>
chr12:10562025	C	T
chr7:151847946	G	A
chr10:89692835	G	T
chr10:104859733	G	A
chr7:55242466	GAATTAAGAGAAGCAA	G
chr19:45854919	T	G
chr5:112175207	G	T
chr20:30954155		<CNV>
chr4:55599339	A	T
chr13:28608267	A	ACCC
chr4:55152094	CATCATGCATGAT	G
chr2:25463541	G	A
chr1:65306996	GT	G
chr5:149502727	TCC	TTT
chr17:7577556	C	G
chr1:114377568	A	G
chr17:7578527	A	T
chr12:56478854	G	T
chrX:41205860	C	T
chr4:55602665	C	T
chr11:119149250	C	G
chr7:116411898	TTAAGATC	ATA
chr2:198267371	G	C
chr9:133755488	T	C
chr17:7578475	G	A
chr8:42178351	G	T
chr11:108235819	A	G
chr20:9520142	G	A
chr17:47677716		<CNV>
chr17:7577580	T	G
chr7:116411898	TTAAGATC	ATA
chr4:55599321	A	T
chr21:36252869	C	T
chr7:55259446	A	T
chr21:36252868	C	T
chr12:25398283	AC	TT
chr1:2488153	A	G
chr3:12645688	G	T
chr1:97981343	A	C
chr7:55241677	GAA	CAT
chr16:3254470	T	C
chr4:1807889	A	G
chr9:133747559	T	C
chr19:15273381	A	G
chr22:42525085	CA	C
chr3:142178144	C	T
chr3:178916728	G	A
chr7:55249011	A	ACCAGCGTGG
chr17:8108331	A	G
chr7:55242478	G	C
chr17:7577569	A	G
chr1:243716236	C	G
chr8:90955624	T	A
chr7:55249013	A	GGTT
chr5:79970914	CAA	C
chrX:70339233	CGGCCTTGAATGT	C
chr9:37015100		<CNV>
chr9:138516119	G	A
chr12:106704974	G	A
chr11:119148891	T	C
chr9:133927878	A	G
chrX:30577846	A	C
chr19:52716326	G	T
chr5:56152416	C	A
chr7:55242466	GAATTAAGAGAAGCAAC	CT
chr5:35876392	A	T
chr2:29445213	A	C
chr9:139390864	C	CGCTGGGCA
chr4:164085425	T	C
chr3:41266107	T	C
chr17:7578508	C	A
chrX:53228148	C	A
chr11:108225483	C	T
chr3:178938935	A	G
chr10:89717769	T	TA
chr9:21802646		<CNV>
chr5:145393364	C	T
chr8:38274850	T	C
chr15:88476329	GAC	CAT
chr3:47162661	A	G
chr22:22127164	C	T
chr4:55593661	TTCCTTATGA	T
chr19:52716323	C	T
chr12:25398284	CC	TA
chr9:139410424	A	G
chr17:7578478	G	C
chr11:55761160		<CNV>
chr9:21971119	C	T
chr4:153247289	G	A
chr17:37881410	C	T
chr13:28608281	A	T
chr9:139399325	G	GGGGGGCATTGAT
chr5:80168937	G	A
chr4:55152092	GA	TT
chr7:55242467	AATTAAGAGAAGCAACATCT	TC
chr10:43613838	G	C
chr10:8115875	G	GT
chr1:240492734	G	A
chr9:133747567	G	C
chr8:128750683	C	G
chr3:178952030	G	T
chr7:55211079	A	G
chr5:176522551	G	A
chr11:32439038	T	C
chr7:98515126	C	T
chr10:79566632	G	A
chr5:56177443	G	A
chr12:133253185	G	A
chr11:125497466	G	T
chr12:58145436	T	C
chr11:125523737	T	C
chr8:38272306	C	G
chr4:55593661	TTCC	T
chr11:119148919	T	G
chr14:95560463	T	A
chr19:50169133	G	T
chr20:31022402	TCACCA	T
chr6:41162518	T	C
chr16:72820995		<CNV>
chr12:863233		<CNV>
chr7:55242469	TTAAGAGAAGCAACA	GCT
chr15:88472468	C	T
chr8:12878830	C	T
chr1:155870416	G	A
chr10:89692923	G	A
chr17:7578550	G	T
chr1:20442054	T	C
chr2:209113113	G	A
chr19:41743948	C	T
chr9:133748415	T	G
chr15:77176158	T	C
chr17:41203088	A	T
chr12:56481659	G	A
chr16:76350438	C	T
chr20:54961463	T	C
chr1:223178561	A	C
chr6:99819379	T	C
chr7:140453154	T	C
chr7:92462586	C	T
chr11:47306628	G	A
chr4:55593638	TGTTTACATAGAC	T
chr19:11144113	G	A
chr4:55593593	TGAAGTACAGTGGAAGGTTGTTGAG	T
chr9:139390864	C	CGG
chr12:52818504	T	G
chr20:57484421	G	T
chr8:120847188	T	C
chr3:178936070	G	T
chr7:55241678	A	C
chr9:139399325	G	GAGAAACCTC
chr1:179604864	C	T
chr9:133748288	T	A
chr4:106190860	C	T
chr15:88476331	C	A
chr10:89653846	C	A
chrX:70339265	CAGCCTGCTGTCTCTGGGGATG	C
chr4:55594255	T	C
chr9:21971110	T	C
chr22:24158899	C	A
chr2:148602708		<CNV>
chr12:25398283	ACC	CCA
chr6:26032206	T	A
chr11:32417940	A	ACACGC
chr8:104337367	A	C
chr3:52443894	T	C
chr13:32900377	A	G
chr13:41240295	G	A
chr9:133747568	A	T
chr15:66727443	T	G
chr2:212426689	TG	CC
chr11:92573911	G	T
chr17:7578272	G	T
chr17:47696644	A	T
chrX:41205590	G	A
chr9:110249505	C	T
chr9:133748391	T	C
chr16:3786704	A	G
chr1:27022875		<CNV>
chr2:215632155	T	C
chr1:115256528	T	A
chrX:76907627	G	A
chr14:105246445	A	C
chr10:43617398	G	T
chr3:142523349	G	A
chr2:198267369	G	A
chr14:105239420	C	A
chr10:15008554	A	G
chr19:8987218	G	T
chr1:13802325	T	C
chr6:117638347	C	T
chr17:7577575	A	C
chr1:115258745	C	T
chr3:128200730	A	C
chr17:7578202	A	T
chr11:108205769	G	A
chr2:29443697	A	G
chr1:27106354	C	T
chr6:37138355	C	G
chr6:32809910		<CNV>
chr14:38061249	T	C
chr2:178098973	C	G
chr11:108205780	C	A
chr9:133748288	TT	CG
chr10:123274733	GA	AT
chr9:139396408	A	G
chr8:42129602		<CNV>
chr12:133214768	A	G
chr17:7577570	C	G
chr3:178916725	C	T
chr11:534286	C	A
chr19:42791715	C	T
chr3:138417867	C	T
chr3:178916680		<CNV>
chr1:29475394	C	G
chr6:150004779	A	G
chr7:108212353	G	A
chr2:39281730	G	C
chr8:113662583	A	C
chr18:65179829	G	A
chr1:162724599	G	T
chr10:95459817	C	T
chr6:82933309	C	T
chr17:59761196	C	T
chrX:20156734	C	T
chr17:7578469	C	A
chr5:112175235	C	G
chr4:153247226	A	G
chr22:41566521	G	C
chr10:89692877	G	C
chr19:11138550	C	A
chrX:47426120	T	G
chr4:55593610	T	C
chr2:29445466	C	T
chr13:28602330	C	T
chr18:33725931	G	A
chr11:48346843	C	T
chr1:11210198	C	T
chr9:127911878		<CNV>
chr7:116411896	TTTTAA	TG
chr5:112175371	TCC	T
chr12:121426649	C	T
chr1:185240474	A	G
chr10:115644040	G	A
chr3:41266099	C	G
chr3:178916855	A	C
chr6:35391787	C	T
chr2:39249858		<CNV>
chr17:7578535	T	C
chr8:128750683	C	A
chr3:38182641	T	C
chr15:66727441	T	A
chr3:47144868	G	A
chr5:112175751	CT	C
chr19:52715982	C	T
chr1:156843698	T	C
chr12:101315994		<CNV>
chr7:55249013	A	AACC
chr12:12301898	C	T
chr8:39862881	C	T
chr17:7577556	C	A
chr8:128750953	C	G
chrX:70339257	TCAATAACCAGCCTGC	T
chr6:107113618	G	A
chr12:6702280	G	A
chr7:116411901	A	AC
chr4:55599334	T	A
chr1:103343594		<CNV>
chr1:65335095	T	C
chr2:212426689	TG	CC
chr5:149503838	G	T
chr12:49415846	G	A
chr4:55593601	AGTGGAAGGTTGT	A
chr7:55249011	A	ACAACCCCGG
chr16:2138293	CCGGCTCCGCCACATCAAG	C
chr17:7578412	A	T
chr17:7578212	G	A
chr11:32417909	C	CG
chr9:21971110	T	A
chrX:150349649	A	G
chr15:66729093	CTGGAGA	C
chr11:128782002	T	C
chr11:89868692	G	A
chr3:10183793	T	G
chr9:133747558	G	A
chr7:55249005	GCG	TCT
chr20:62320968	T	C
chr11:108235818	T	C
chr11:32456694	C	A
chr4:25419283	T	C
chr8:135612745	A	G
chr2:16082569	G	A
chr6:39040654	A	C
chr10:104263903		<CNV>
chr10:49628313	G	C
chr7:140481401	TCC	ACT
chr17:47696424	G	T
chr4:55593655	CACA	C
chr10:104857107	G	A
chr12:21015405	C	T
chr1:11188165	T	A
chr4:55152090	G	A
chrX:70339256	TTCAATAACCAGCCTGCTG	T
chr10:123279503	T	C
chr5:35874574	AC	CGGAT
chr11:32417924	C	CG
chr22:24145528	C	CCCGAGGTGCTGGTCCCCAT
chr5:37294473	T	C
chr17:38508602	G	A
chr20:52198393	C	A
chr21:36252868	C	T
chr10:48383854		<CNV>
chr14:95557630	C	G
chr9:139399325	G	GGGGTCC
chr5:149433646	A	T
chr16:57116328		<CNV>
chr1:97981242	TG	CA
chr1:17345303		<CNV>
chr7:140453135	CA	GT
chr17:63052344	G	T
chr10:123258049	G	C
chr5:35857035		<CNV>
chr3:10183724	T	G
chr2:25463541	G	C
chr14:81610301	C	A
chrX:70339249	ACAAGGT	A
chr7:55241707	G	A
chr11:32417922	G	GTTTCCGCTTCCTC
chr10:114925315	A	AG
chr5:35874571	C	GGCTGTT
chr6:62442567		<CNV>
chr2:25978935	C	G
chr1:11174420	C	T
chr3:10188198	GTCACCTT	G
chr1:27089446	G	C
chr6:30993533	A	G
chr4:1806089	G	T
chr20:39792584	C	T
chr11:108218089	C	G
chr22:43831056	C	T
chr11:32417910	G	GACCGT
chr18:48591888	G	A
chr5:35874572	T	TAACCATCAGCATTTTGAGTTGTTC
chr20:40730870	T	C
chr9:21971108	C	G
chr17:37881002	G	GGGCTCCCCA
chr15:42059521	A	T
chr1:28282292	T	C
chr2:178098804	C	G
chr19:45867687	T	C
chr2:25978935	C	T
chr17:29187497	A	G
chr11:532637		<CNV>
chr4:55593604	GGAA	CTTC
chr16:3656600	C	T
chr12:57496662	C	T
chr4:126239986	C	T
chr13:28592630	C	G
chr4:187541630	G	A
chr11:59211188	G	A
chr9:21971017	G	T
chr7:6426893	C	T
chr4:55593636	TATGTTTACATAGACCCAACACAAC	TGTG
chr14:38061463	T	C
chr12:57861838	G	A
chr7:140453153	A	C
chr1:65335062	A	G
chr11:32417940	A	AAT
chr13:28608256	A	ATCATATTCATATTCATATTCATAT
chr2:9514917	C	T
chr17:7577581	A	G
chr17:7578457	C	G
chr1:204429838	C	G
chr6:26158578		<CNV>
chr17:41215890	C	A
chr15:89826496	C	T
chr1:23419383	C	T
chr13:48941648	C	T
chr8:23423669	A	G
chr20:57484597	G	T
chr15:49775428	A	G
chr19:10602619	C	A
chrX:70339240	GAATGTAAAACAAGGT	G
chr13:28608262	T	TTCATATTCTCTGAAC
chr3:10183765	T	A
chr5:112175211	TAAAAG	T
chr9:80409489	G	T
chr16:354287	C	T
chr20:54945211	T	G
chr10:89692791	A	C
chr4:55602665	C	T
chr15:44061802	C	T
chr10:8111513	T	TG
chr3:1262375		<CNV>
chr7:55242469	TTAAGAGAAGCAA	C
chr5:131892978		<CNV>
chr7:140453148	C	T
chr11:32417912	C	CCGTACAAGAG
chr17:7577543	C	G
chr19:42795767	C	T
chr18:48604789	C	G
chr17:7578236	A	G
chr3:113955265	G	A
chr5:149497177	T	C
chr19:19256562		<CNV>
chr4:40810663	A	G
chr17:40467740		<CNV>
chr15:42041712	G	A
chr2:178098960	C	A
chr15:66727453	A	G
chr9:21971017	G	C
chr7:55241708	G	A
chr12:133253184	G	C
chr3:41266100	T	C
chrX:44942757	G	GAT
chr6:31324151	C	T
chr13:49281339	T	A
chr2:29443697	A	G
chr2:25457243	G	A
chr1:156849107	G	A
chr6:31237802	A	G
chr4:55152091	AGAC	A
chr4:55593605	G	T
chr20:36030866	G	A
chr3:178952087	C	G
chr2:97637905	T	C
chr3:12632404	GG	CA
chr6:29913191	TG	CA
chr19:41743883	C	T
chr15:88476265	C	G
chr1:181759657	G	A
chr4:55593600	CAGTGGAAGGTTGTTGAGG	C
chr13:31891746	G	A
chr6:117641119	A	C
chr17:7578412	A	T
chr5:179132592		<CNV>
chr4:106164913	C	T
chr3:102157417	A	G
chr10:89711900	G	C
chr1:27101054	C	T
chr13:101287365	T	C
chr7:55242511	G	T
chr17:7578394	T	G
chr15:58838010	A	G
chrX:23398214	T	C
chr3:52727257	G	A
chr4:55593606	AAGGT	TCTTC
chr10:89692790	G	T
chr11:55135365		<CNV>
chr11:119148891	T	A
chr10:89692803	C	A
chr7:116412037	CCAGAAGGTATATTT	C
chr2:178098974	C	G
chrX:118587003	C	T
chrX:86887244	C	T
chr19:41008049	A	G
chr14:95560476	C	T
chr9:21971111	G	T
chr7:55242465	GGAATTAAGA	G
chr3:10188198	G	GT
chr12:57496662	C	G
chrX:24382950	G	A
chr17:7578475	G	A
chr2:29446184	C	G
chr17:7577081	T	A
chr11:55860780	G	A
chr3:178936082	GA	AG
chr5:112175207	GAAATA	G
chr3:178952087	C	A
chr4:55599334	T	G
chr2:178098954	C	G
chr2:198267483	C	T
chr17:7578272	G	A
chr7:140453136	A	G
chr9:139399367	G	GCTT
chr17:37868205	G	A
chr13:49033844	C	T
chr2:178098809	T	C
chr19:30303882		<CNV>
chr1:115256529	T	G
chr17:7578395	G	A
chr4:84393485	A	G
chr10:43614996	G	C
chr14:20811781		<CNV>
chr15:66727443	T	G
chr20:391069		<CNV>
chr17:47696432	A	G
chr4:55144121	C	A
chr21:36231791	T	C
chr14:95557641	C	A
chr4:106180866	T	G
chr3:49412898	T	C
chr9:35870001	T	C
chr3:10188200	C	G
chr13:28608262	T	TTCATATTCTCTGAAC
chr9:21971110	T	C
chr1:248059456	G	A
chr17:7577568	C	G
chr8:38274851	T	C
chr19:11132513	C	T
chr17:7577507	T	A
chr17:7577084	T	G
chr15:88476282	A	T
chr15:40916237	A	G
chr5:151771817	C	T
chr3:41268766	A	G
chr14:45605463	A	G
chr12:1022679	A	G
chr8:113697567	A	G
chr3:140407260	C	A
chr10:43615015	G	C
chr11:119148930	T	C
chr15:84651185	C	A
chr11:32417946	C	CCT
chr17:7578268	A	G
chr13:113897320	C	T
chr4:1807488	G	A
chr7:55242465	GGAATTAAGAGAAGCAACATC	AAT
chr17:15968143	T	C
chr16:48122582	G	A
chr1:67633812	G	T
chr10:89692980	A	G
chr16:3786767	A	T
chr4:55593608	G	C
chr18:48593406	G	A
chr3:10183795	G	C
chr15:89826496	C	T
chr2:16082316	C	A
chr16:89804984		<CNV>
chr1:97547947	T	A
chr16:14038552	G	A
chr7:55249011	A	ACATGGCCACCCC
chr18:724481		<CNV>
chr4:187120211	C	A
chr9:36674842	C	T
chr4:187628054	C	G
chr9:133747522	A	G
chr7:55242468	ATTAAGAGAAGCAACATC	GCAACA
chr10:43292608		<CNV>
chr20:31022414	TAGAGAGGCGGCCACCACTGCCA	T
chr7:148508728	A	T
chr11:55322638	C	T
chr12:49420914	G	A
chr1:201980251		<CNV>
chr7:55259441	G	T
chr2:178098803	C	A
chr2:29432664	C	T
chr15:88476283	A	G
chr2:25457243	G	T
chr12:112888198	G	T
chr5:115469773	C	T
chr21:10906972		<CNV>
chr4:102751076	G	A
chr17:61908556	C	T
chr6:29910752	G	C
chr1:40363054	G	C
chr15:89838236	G	A
chr2:25457243	G	T
chr8:42163894	A	C
chr4:55141083	C	T
chr17:7577538	C	T
chr1:51434849		<CNV>
chr12:57861785	T	C
chr17:8792171	T	C
chr19:11143994	G	C
chr12:112888166	A	T
chr17:7577565	T	C
chr5:112175211	T	TA
chr12:21201663	G	A
chr1:156846342	G	C
chr5:112175273	C	T
chr7:150324825	C	T
chr12:46230641	C	T
chrX:27839617	G	A
chr15:84488636	A	G
chr1:115252204	C	T
chr4:153249510	C	A
chr17:7577539	G	C
chr1:226252155	G	T
chr7:23794029	G	A
chr4:106164773	G	A
chr10:50122181	C	A
chr17:7577550	C	A
chr4:55141056	G	A
chr22:41537234	G	T
chr3:102157417	A	G
chr19:45855780	A	G
chr17:648181		<CNV>
chr20:31022416	GAGAGGCGGCCACCACTGCCATC	G
chr2:148674797	G	C
chr19:15285052	T	C
chr14:31381351	T	C
chr10:89692896	G	A
chr2:178098806	G	C
chr14:95557639	C	A
chrX:70339254	GTTTCAATAACCAGCCTGCTGTCTC	G
chr3:178952086	T	G
chr9:77563087	C	T
chr7:55241677	G	C
chr11:32417909	C	CGACCCTTG
chr9:27202870	A	G
chr17:7579643	CCCCCAGCCCTCCAGGT	C
chr10:89692905	G	T
chr4:147824864	G	A
chr4:55592178	C	CTGCCTA
chr3:178916946	G	T
chr19:13054592	CAAGA	C
chr3:178916726	G	T
chr10:8115952	A	ACC
chr5:112175754	TATTACATTTTG	T
chr17:38508266	C	T
chr7:140453133	TTCA	T
chr4:153249384	C	A
chr10:115370274	T	C
chr2:29445213	A	C
chr17:41203088	A	C
chr6:39040654	A	C
chr12:56482342	A	T
chr3:49413009	C	A
chr16:68846137	G	A
chr17:7577545	T	A
chr9:133748282	AC	GT
chr2:45235683		<CNV>
chr17:7577568	C	T
chr3:51976651		<CNV>
chr9:21971018	G	A
chr17:7577084	T	A
chr10:43609948	T	A
chr17:66524987	G	A
chr7:55241678	A	T
chr12:112926910	G	C
chr15:90631838	C	T
chr17:62006799	A	G
chr5:67591106	A	G
chr5:112175768	ACGGAAAG	A
chr4:153249456	C	G
chr9:139399389	A	AG
chr19:30308146	C	T
chr11:32417907	G	GCCGA
chr17:47696688	T	C
chr11:32417942	A	AG
chr4:13604182	T	C
chr17:7578455	C	T
chr12:112926908	C	A
chr3:134278270	C	T
chr17:78519448		<CNV>
chr18:48591889	A	T
chr11:122738261	A	G
chr6:31324151	C	T
chr7:151896573	G	GGTTA
chr6:32163187		<CNV>
chr12:25398282	C	T
chr17:77042718	C	T
chrX:15808582		<CNV>
chr1:11189847	A	T
chr8:141461266	A	G
chr3:178936097	G	A
chr6:29912413	TG	T
chr11:32417947	G	GC
chr7:140481423	C	A
chr7:55249077	T	A
chr9:80409488	T	G
chr7:116423407	G	A
chr1:27106803	AC	A
chr12:112926884	T	A
chr1:45797505	C	G
chr6:26032185	C	A
chr4:55152040	C	T
chr4:55152093	ACATCATGCATGAT	GA
chr7:116411889	CTCTCTGTTTTAA	C
chr17:7577118	C	G
chr3:138453486	C	T
chr14:38061192	A	G
chr9:139399369	A	G
chr17:30222002	T	C
chr17:7578403	C	A
chr7:53103371	G	T
chr11:128781891		<CNV>
chr3:185331165	C	A
chr7:140453155	C	G
chr14:81606111		<CNV>
chr4:55599341	T	A
chr9:139390864	C	CAAGTCTCTACTTAA
chr5:52379205		<CNV>
chr2:178098944	C	T
chr16:11362729	G	A
chr6:35391787	C	T
chr3:47161717	G	A
chr7:55242461	TCAAGGAATTAAGAGAAGC	T
chr3:41266113	C	A
chr7:55242448	A	ATTCCCGTCGCTATCAAGG
chr17:7577509	C	T
chr4:55593582	AAACCCATGTATG	A
chr6:138192315		<CNV>
chr10:25509973		<CNV>
chr20:14306953	G	T
chr4:187538330	G	A
chr19:53384185	C	T
chr7:140453132	T	G
chr17:19812541	T	C
chr12:56482537	G	C
chr1:156844710	G	T
chr19:18266737		<CNV>
chr17:7577557	A	T
chr9:133738356	G	T
chr2:141571329	T	C
chr22:41566521	G	C
chr17:38510626	C	T
chr18:42531913	G	C
chr5:55259977		<CNV>
chr4:55593593	TGAAGTACAGTGGAAG	T
chr19:18278049	G	A
chr7:95800820	T	C
chr2:29445273	G	T
chr12:25380282	G	T
chr7:128849190	A	G
chr9:5078360	A	G
chr16:56782199	G	A
chr17:7578508	C	A
chr6:32825041		<CNV>
chr17:7577567	A	C
chr12:58145431	G	T
chr20:31022898	TC	T
chr14:95557642	C	T
chr9:21971108	C	A
chr4:143324036	T	C
chr11:108464209	T	C
chr3:41266112	T	G
chr17:66524987	G	A
chr5:123983915	G	T
chr3:178936083	A	G
chr10:43609948	T	A
chr11:32417942	A	ATACC
chr1:11217230	C	A
chr2:198267481	T	C
chrX:53406966		<CNV>
chr1:179604864	C	T
chrX:66943545	T	G
chr11:32413565	C	A
chr4:1807891	G	T
chr11:69456211	T	G
chr7:140481401	TCC	GCT
chr4:1962801	G	A
chr7:55242466	GAATTAAGAGAAGCAACATCTCCGA	G
chr11:103780455	A	G
chr5:112175207	GA	G
chr9:127912079	C	T
chr16:47697595		<CNV>
chr9:5073770	G	T
chr19:4117551	A	C
chr17:37881410	C	T
chr4:55599320	GAC	CAT
chr17:7579652	CTCCAGGTCCCCAGCCC	CAC
chr3:178916945	A	G
chr11:107299631	G	A
chr5:41186220	T	G
chr4:55589693		<CNV>
chr22:43830996	C	T
chr11:108236087	G	A
chr12:112888190	A	G
chr2:226491770	A	C
chr1:65330682	G	A
chr3:138433351	T	G
chr19:4117551	A	C
chr1:11205058	C	T
chr1:59844471	G	A
chr3:178928059	GGCCAGTACCTCATGGATTAGAAGATTT	G
chr12:29628016	G	A
chr11:17741635		<CNV>
chr8:128750677	C	T
chr3:178916924	C	T
chr7:150901609	A	G
chr11:32417913	C	CCT
chr6:29912227	TGGA	T
chr18:28574139		<CNV>
chr12:112926887	G	T
chr1:57341743		<CNV>
chr6:18143955	C	G
chr9:133748290	C	A
chr4:55152092	G	C
chr17:7578403	C	T
chr20:60572663	C	A
chrX:53406966		<CNV>
chr4:187534375	A	G
chr11:32413566	G	A
chr3:178952087	C	G
chr22:33253280	T	C
chr19:57649900	C	T
chr13:32900377	A	G
chr3:138665360	C	T
chr19:1220488	A	T
chr9:139399325	G	GAGAAACCTC
chr2:37438993	G	A
chr17:7578190	T	G
chr10:50901938	C	T
chr7:55241706	GG	TT
chr19:10602619	C	A
chr1:179077304	C	T
chr12:133238076	T	C
chr8:88884956		<CNV>
chr2:29443618	G	A
chr1:11188164	G	T
chr4:185687863	A	G
chr17:47696432	A	G
chr2:198266834	T	C
chr17:47696644	A	C
chr6:157099057		<CNV>
chr12:14993439	C	T
chr7:55249024	G	GCCACGT
chr3:178916923	C	A
chr2:25457159	C	T
chr10:20106020		<CNV>
chr4:120241849	A	G
chr2:25457243	G	C
chr4:55593640	TTTACATAGACCCAACACAACT	G
chr6:152419920	T	G
chr16:66812797	C	T
chr9:139399367	G	GGCT
chr4:55593604	GGAAG	TTCCT
chr6:30993533	A	G
chr17:56435159	GA	G
chr4:1962801	G	A
chr5:112175769	CGGAA	C
chr7:116423474	T	C
chr3:178952019	C	A
chr4:187534363	G	A
chr20:31022288	C	G
chr2:198266611	C	T
chr13:103514551		<CNV>
chr11:108218084	T	C
chr5:41158863	G	A
chr19:7975348	G	T
chr2:203329535		<CNV>
chr5:112175246	CCT	C
chr19:41745202	T	A
chr8:119391791	T	C
chr17:38510572	C	T
chr11:32417942	A	ACGGC
chr22:29999923		<CNV>
chr17:7577571	A	T
chr9:139400097	G	A
chr9:139399368	A	AAGT
chr10:89692878	C	A
chr1:248436149		<CNV>
chr12:40873026	G	A
chr12:6692411	C	A
chr2:25978935	C	G
chr12:58145431	G	A
chr6:117622071		<CNV>
chr6:55638913	G	A
chr11:28057957	T	C
chr6:161509003	T	A
chr7:55249005	G	GTGTGGCCAA
chr14:95560463	T	C
chr19:16025176	C	T
chr17:37880261	G	T
chrX:70339226	GAACTGACGGCCTTGAATGTAAAAC	G
chr19:1207031	G	A
chr5:112175769	CGG	C
chr10:89624296	G	T
chr14:38061312	T	C
chr3:178952078	G	A
chr17:7578517	G	A
chr5:112175532	TAAGTGGC	T
chr4:55599332	G	A
chr11:119148891	T	G
chr17:7577548	C	G
chr4:153249511	C	G
chr7:140453137	C	G
chr7:55241722	G	A
chr12:112888211	A	G
chr17:7577100	T	C
chr7:116411889	CTCTCTGTTTTAA	C
chr9:133750259	C	A
chr2:225434445	A	G
chr6:70866609	C	T
chr1:248262685		<CNV>
chr2:198266821	A	T
chr5:112175314	T	G
chr15:86123833	T	C
chr7:55242511	G	T
chr4:93511194		<CNV>
chr11:108218045	A	C
chr1:193091224		<CNV>
chr4:1808331	G	T
chr12:121431414	G	T
chr9:133747520	A	G
chr9:8317921	G	A
chr17:62006798	T	C
chr20:33337751	T	C
chr6:31237833	T	C
chr12:21054369	G	A
chr2:29445258	C	T
chr4:1803568	C	G
chr10:104857107	G	C
chr5:35874573	A	AGGGGCCAGACTGCCT
chr4:55593669	GATC	G
chr19:37488481	G	C
chr18:2763697	C	T
chr4:55593596	AGTACAGTGGAAG	A
chr18:60985725	G	C
chr9:139390863	A	ACTTTTCCT
chr5:16769273	G	A
chrX:44942756	C	CCCTTCCGGGG
chr7:128845571	C	T
chr6:32190484	G	A
chr1:65306996	GT	G
chrX:53432009	G	A
chr14:81609760	T	C
chr2:73957124	A	G
chr7:116412038	CAGAAGGTATATTTCAGTT	C
chr13:28608261	A	ATTCATATTCTCTGAAATCACCCCT
chr3:52440438	C	T
chrX:133549136	C	T
chr4:55593588	ATGTATGAAGTACAGT	A
chr14:65253232	T	C
chr8:145736758		<CNV>
chr17:37880997	G	T
chr8:128750604	CCAG	C
chr20:57415551		<CNV>
chr3:10183769	A	G
chr7:140453142	G	A
chr2:47630288		<CNV>
chr1:115258745	C	A
chr7:140453136	AC	CT
chr7:107569517	A	G
chr5:150942969	G	A
chr12:56482537	G	A
chr18:60985725	G	C
chr14:81610289	G	C
chr11:32417910	G	GACCGA
chr10:68040325	C	T
chr7:123256427	C	T
chr4:106193788	T	G
chr2:16082316	C	A
chr1:226252155	G	A
chr3:136574578	T	TTAA
chr17:41197602		<CNV>
chr2:16085942	G	A
chr2:61719471	T	G
chr12:6711147	C	A
chr14:72117156	T	C
chr2:31411184	C	A
chr4:46995366	G	T
chr7:48004962	C	T
chr14:105243052	G	GCAGCGGATGATGAAGGTGTTGGGC
chr3:38180156		<CNV>
chrX:70339254	G	T
chr18:42531913	G	C
chr10:43609941	CGAGCTG	C
chr11:119149355	TATGATGATGATGATGATGA	TATGATGATGATGATGA
chr22:22123473		<CNV>
chrX:70339247	AAACAAGGTTTCAATAACC	A
chr19:56953963	G	A
chr17:7577090	C	G
chr7:116412042	AGGTATATTTCAGTTTATTGTT	A
chr7:140453146	G	C
chr7:140453179	C	T
chr14:38061224	CTCGAACATGTTGCC	CGA
chr8:108970367	A	G
chr3:178936082	G	A
chr7:55242483	ATCTCCGAAAGCCAACAAGGAAATC	A
chr5:79968496	C	T
chr11:119149242	C	T
chr12:49420213	C	T
chr17:7578209	G	C
chr15:41476209	T	C
chr19:4110584	A	T
chr13:28608251	T	TTGAGATCATATTCATATTCTCTGA
chr15:91290711	C	G
chr17:41251931	G	A
chr12:85438499	G	A
chr16:3640667	T	C
chr1:45293752	T	C
chr9:21971026	C	T
chr17:16527795	C	A
chr7:151873853	C	T
chrX:66943613	A	G
chr9:21971108	C	A
chr9:139399324	T	TGGAAGGGTC
chr18:63530016	A	G
chr7:98490141	G	A
chr7:140453151	A	G
chr1:151733335	T	G
chr18:48591889	A	T
chr9:133750278	T	C
chr2:212248561		<CNV>
chr13:25075859	C	T
chr10:89692830	G	T
chr8:24256470	C	T
chr14:81610258	A	G
chr7:116411883	TTCTTTCTCTCTGTTTTAAGATCTGGGCAGTGAATTAGTTCG	T
chr14:105243050	A	AGGCAGCGGATGATGAAGGTGTTGG
chr3:41266125	C	A
chr5:67522851	A	C
chr9:139410177	T	C
chr3:178952082	C	T
chr12:112888165	G	T
chr6:26032206	T	G
chr17:11998899	G	A
chr7:55249077	T	G
chr3:30686414	A	G
chr3:168818709	C	T
chr1:43815008	TG	GC
chr2:25463307	C	T
chr9:139399367	G	GTGGCCC
chr5:112175769	CGG	C
chr17:59821817	C	T
chr10:49628313	G	T
chr17:71232687	T	C
chr4:55593596	AGTACAGTGGAAGGTTGTT	A
chr19:52716323	C	A
chr2:25457247	C	G
chr17:41258504	A	C
chr12:49436014	C	T
chr8:79610710	A	G
chr2:25463289	T	C
chr10:20106020		<CNV>
chr11:32417909	C	CGACCGTACAA
chr1:157509025	C	T
chr7:55249012	C	CGGT
chr7:55249012	C	CGGGTTT
chr1:111861841	A	G
chr17:18041507	C	T
chr10:30316208	T	C
chr17:7578403	C	T
chr4:106155920	TC	T
chr7:55241678	A	C
chr12:25378561	G	A
chr20:57484421	G	A
chr1:115258743	AC	GA
chr7:98515126	C	T
chr16:3254418	C	G
chr8:72111710	C	T
chr5:112175625	CA	C
chrX:70339265	CAGCCTGCTGTCTCTGGGGATG	C
chr12:133263825	G	A
chr3:41266125	C	G
chr17:71196863	C	T
chr13:28608259	A	ATATTCATATTCTCTGAAATCAACG
chr12:25380277	G	T
chr17:7578268	A	C
chr12:133253151	G	T
chr4:47887536	T	C
chr22:41566523	A	G
chrX:70339229	CTGACGGCCT	C
chr17:7577082	C	G
chr7:55249021	C	CCAG
chr17:37880997	G	GTAT
chr10:51568378	T	G
chr6:30993590	A	G
chr15:90631838	C	G
chr7:129297332	T	G
chr15:40998342	T	G
chr6:149983274	C	T
chr7:140477838	AGGTGCTGTCACATTCA	AT
chrX:70339246	AAAACAAGGTTTCAATAACCAG	A
chr12:21007974		<CNV>
chr9:87563446	C	G
chr7:140481401	TCC	GCT
chr19:14015711	C	A
chr3:10183770	G	T
chr7:57194226		<CNV>
chr3:41268765	A	C
chr12:7632466		<CNV>
chr11:534289	C	A
chr4:1962801	G	A
chr2:178098957	G	A
chr6:31324531	C	T
chr9:133738356	G	C
chr7:55249009	G	GGAGCGTGGA
chr9:21971027	C	T
chr3:178936095	A	T
chr20:2552952	C	G
chr19:13054594	AGAAACGCAAAGAG	A
chr3:49412899	A	G
chr6:37138423	G	T
chr16:14026007	G	A
chr7:55242466	GAATTAAGAGAAG	CAAC
chr4:55593581	GAAACCCATGTATGAAGTA	G
chr2:209113112	C	A
chr7:55241677	G	A
chr12:25398285	C	A
chr9:133738357	T	C
chr13:41240289	G	A
chr1:120484421	G	A
chr11:32417911	A	ACCGTCCCT
chr11:64577329	TAGAC	T
chr4:55599321	A	T
chr19:23545004	G	A
chr4:55593642	T	C
chr10:89692803	C	A
chr17:47696424	G	C
chr5:176523562	C	A
chr2:152311570	G	A
chr19:52715971	C	G
chr5:112176756	T	A
chr2:29443696	A	C
chr2:16082317	C	A
chr2:29445469	G	C
chr4:55593657	CAACTTCCT	ACA
chr9:133748289	T	C
chr16:68846137	G	C
chr1:115829313	G	A
chr2:202151163	A	G
chr13:32937327	A	T
chr4:55593602	GTGGAAGGT	TAC
chr1:11169375	A	C
chr3:121972944		<CNV>
chr16:3788618	G	C
chr3:178928079	G	A
chr19:18257750	CCCC	TCCT
chr4:55602765	G	C
chr1:39748921	G	A
chr19:42791758	G	A
chr11:32417909	C	CGACCG
chr11:533874	T	G
chr6:117639419	T	C
chr2:61719471	T	A
chr2:215674224	G	A
chr5:35876392	A	C
chr4:55593588	ATGTATGAAG	A
chr3:38182025	G	T
chr7:55248980	C	CTCCAGGAAGCCT
chr5:35874572	T	TAATGTGCCC
chr9:87563462	T	G
chr11:48346822	A	C
chr4:55593667	A	G
chr5:112175483	AGT	A
chr17:7578208	T	A
chr6:32815966	G	C
chr7:138312122	A	C
chr2:29443695	G	T
chr19:50919797	C	T
chr19:3115012	C	T
chr6:138192315		<CNV>
chr4:55141018	A	G
chr4:55594261	A	G
chr1:248059423	C	T
chrX:66937372	G	T
chr5:112175423	C	T
chr7:148506467	G	C
chr17:73775153	C	A
chr13:32913055	A	G
chr7:140453132	T	G
chr2:1320143	C	T
chr21:36231792	C	T
chr8:128750684	C	G
chr7:116339789		<CNV>
chrX:63411276	G	A
chr6:29911019	T	C
chr2:67632125	C	T
chr5:139745154	T	C
chrX:18342034	G	A
chr5:24509947	C	A
chr20:50769549	A	G
chr15:41961065		<CNV>
chr11:119148982	G	T
chr12:49415529		<CNV>
chr6:152332868	G	A
chr19:52715979	C	T
chr4:55592174	A	ACTTCTG
chr10:89692886	T	C
chr7:116411883	TTCTTTCTCTCTGTTTTA	T
chr3:178922325	A	T
chrX:53222599	C	T
chr11:55761221	C	T
chr10:8111409	C	T
chr7:55242467	AATTAAGAGAAG	CAC
chr12:118020115	G	A
chr1:186026474	T	C
chr11:32417914	G	GGTTCATAACCACA
chr16:68846138	A	G
chr2:120885310	G	A
chr22:30032794	C	T
chr13:42465713	C	T
chr20:39795235	G	A
chr17:7577099	C	G
chr3:93646117		<CNV>
chr5:112175750	AC	A
chr18:48603032	C	T
chr15:88476283	A	G
chr19:21688602	C	G
chr12:112888165	G	T
chrX:15817963	A	G
chr3:10188200	C	T
chr15:50782644	CCCCAGA	C
chr17:7578478	G	C
chr8:52233342		<CNV>
chr21:36252937	G	GCC
chr3:49412976	C	T
chr15:56152872	C	T
chrX:39911340		<CNV>
chr9:133755488	T	C
chr15:90631838	C	T
chr1:115256530	G	C
chr11:119148992	T	G
chr3:142222284	A	G
chr6:29911092	G	T
chr7:140453150	A	C
chr1:93300390	G	A
chr3:189456566	G	C
chr18:334758	T	C
chrX:70338701	G	A
chr7:53103368		<CNV>
chr18:60985725	G	A
chr12:1022494		<CNV>
chr1:229738236	G	A
chr17:41219804	T	C
chr1:115256528	TTG	CTT
chr9:85627408	G	A
chr12:56481922	G	C
chr7:55242468	ATTAAGAGAAGCAA	GC
chr3:178916891	G	C
chr2:38179134	G	A
chr21:36252938	C	CGGAACAGACTTCTT
chr5:1295228	GG	AA
chr20:52188253		<CNV>
chr4:55144146	A	T
chr4:55592190	A	T
chr3:1262375		<CNV>
chrX:20156734	C	G
chr3:10183797	T	A
chr11:32417910	G	GACCGTACA
chr17:76799795	G	A
chr2:225434445	A	G
chr11:32417916	A	ACACGACTC
chr12:132396603	C	T
chr11:119148967	G	C
chr11:57137424	C	T
chrX:70339249	ACAAGGTTTCAATAACCAG	A
chr18:33725874	T	G
chrX:100611164	C	A
chr1:27100207	C	T
chr16:3781323	AAGG	A
chr11:32417907	G	GCCGACCGTACC
chr11:32417909	C	CGACCGTACAA
chr6:18130918	T	C
chr15:88476282	A	T
chr10:89692791	A	C
chr7:55259440	T	G
chr12:57861090		<CNV>
chr9:21968199	C	G
chr9:133750422	T	G
chr7:55249009	G	GGACGGC
chr11:62010863	C	T
chr22:24145538	T	TGGTCCCC
chr8:119391791	T	C
chrX:70339242	ATGTAAAACAAGG	A
chr15:89804111	G	A
chr21:44514777	T	C
chr4:55956205	G	A
chr6:31237802	A	G
chr3:53531424	G	A
chr4:187516776	A	G
chr15:88476265	C	G
chr5:149497359	G	A
chr14:35735967	A	G
chr12:46230691	C	A
chr1:63999891	T	C
chr10:104389932	T	G
chr14:38060550		<CNV>
chr5:10988230		<CNV>
chr2:159663599	T	C
chr4:55144121	C	G
chr7:151949735	T	C
chr2:148602708		<CNV>
chr3:10188201	A	G
chr3:49412898	T	C
chr7:148507463	T	G
chr11:119149244	T	G
chr4:55152095	ATCATGCATGATT	A
chrX:70339269	CTGCTGTCTCTGGGGA	C
chr20:8755243	T	C
chr3:41266100	T	A
chr3:12645699	G	A
chr10:8106004	G	A
chr17:41209134	C	T
chr1:51439650	C	T
chr11:534285	C	T
chr6:36645696	A	G
chr9:133738349	G	A
chr4:55593587	CATGTATGAAGTACAGTGG	C
chr5:38967280	G	A
chr8:104337367	A	C
chr17:41244435	T	C
chr12:29628016	G	A
chr3:178922364	G	T
chr3:52441252	T	G
chr8:21833965	C	T
chr7:116412043	GGT	G
chr13:86369120	C	T
chr5:112175358	C	G
chr17:7577096	T	C
chr12:4409144	C	A
chrX:66931504	G	A
chr3:178916891	G	T
chr1:53692748	A	G
chr3:178952084	C	A
chr6:32819968	G	A
chr7:55249076	C	G
chr10:323466		<CNV>
chr13:28608253	G	GAGATCATATTCACCT
chr12:133249857	C	G
chr14:81610293	T	A
chr19:13054592	CAAGAAACGCAAAGAGGAGG	C
chr17:37868208	C	T
chr20:54945190		<CNV>
chr1:10459779	G	A
chr11:119149004	G	C
chr2:25457176	G	A
chr4:106164772	C	T
chr9:72897434	G	A
chr5:67591086	A	G
chr21:44513260		<CNV>
chr5:149505026	G	A
chr12:22602796	A	G
chr3:178936099	G	C
chr19:4101078	A	T
chr14:74428445	G	A
chr2:241558397	G	A
chr10:89720801	CTTACT	C
chr9:133748282	AC	CT
chr13:86369120	C	T
chrX:122537277	T	C
chr20:54961463	T	C
chr19:56424443	T	C
chr18:48604788	A	T
chr16:68844172	G	C
chr19:4117549	A	T
chr7:55242466	GAATTAAGAGAAGCAAC	CT
chr2:29445271	G	GCGT
chr14:105246449	G	A
chr6:32797809	C	T
chr10:43615505	G	A
chr2:29443613	C	T
chr12:129563035	G	A
chrX:70339226	GAACTGACGGCCTTGAATGTAA	G
chr6:31324200	G	C
chr7:55249077	T	C
chr3:52441263	G	C
chr19:1220487	G	T
chr15:76726465	G	T
chr2:11359031	G	T
chr1:13802325	T	C
chr2:103095404	G	A
chr1:156849107	G	A
chr16:67233266	A	C
chr5:67591086	A	G
chr5:149502665	C	A
chr9:139413069	TAGA	T
chr2:70314852		<CNV>
chrX:139038443	G	A
chr18:61170782	A	G
chr14:62194185		<CNV>
chr17:7578551	A	T
chr17:41201185	A	T
chr4:55589774	A	ACTTCCT
chr17:7578393	A	C
chr17:7577093	C	A
chr18:61170721	T	C
chr17:7578268	A	T
chr21:36231782	C	T
chr2:29436858	G	T
chr2:25463542	A	G
chr19:8987133	T	C
chr7:55249088	G	A
chr14:95560464	C	A
chr10:89711876	G	A
chr22:24145533	G	GGTGCTGGTCCCCA
chr1:17355174	C	T
chr3:178952074	G	C
chr17:41267762	A	G
chr3:9871030	T	G
chr21:36252937	G	GCCTGCCC
chr17:7577566	T	C
chr8:90967711	A	G
chr12:56478817	G	A
chr13:28592640	A	T
chr22:29083868		<CNV>
chr19:40901496	T	C
chr19:3118942	AG	TT
chr5:112175211	TAAAA	T
chr2:47672569	G	A
chr15:90631837	CC	AT
chr2:39249926	C	T
chr10:123274794	T	C
chr11:534286	C	T
chr13:48936983	C	T
chr5:35874571	C	CTAACTCCGCCAGTATGCTCCG
chr11:55322606	T	C
chr4:187518980	T	C
chr4:153247366	C	A
chr7:55259441	G	T
chr14:60004844	C	T
chr2:234669144	G	A
chr2:25463541	G	A
chr9:140392616	G	A
chr8:12878830	C	T
chr7:99796146	A	C
chr6:74125875	A	G
chr16:3788617	C	A
chr2:29445258	C	A
chrX:66937371	G	T
chr7:148508728	A	G
chr5:112164561	G	A
chr5:35874570	A	ATTTTGTCGGAAGGAC
chrX:70339230	T	G
chr11:95512060	A	G
chr11:69625020		<CNV>
chr6:117639419	T	C
chr15:41961065		<CNV>
chr5:1295229	G	T
chr5:80160596	AAATG	A
chr4:55139771	T	C
chr6:117638347	C	G
chr1:45798555	T	C
chr13:28608255	G	GATCATATTCATATTCTCTGAA
chrX:15415583	C	T
chr1:155870154		<CNV>
chr9:139399350	C	G
chr12:121437474	C	T
chr10:89692893	C	T
chr10:89623901	G	C
chr7:55259514	CT	AA
chr1:97544504		<CNV>
chr6:32172065	T	G
chr9:133750307	G	A
chr1:27023249	G	A
chr18:9255982	A	G
chr4:55593608	G	TCCT
chr3:186509517	G	A
chr11:69466021	C	T
chr9:135771600		<CNV>
chr17:47696643	A	C
chr11:48346791	C	T
chr2:158622516	C	T
chr7:55249005	G	GTGTGGCCAA
chr4:55594261	A	G
chr1:11187096	A	G
chr1:43814978	A	T
chr21:36252868	C	A
chr19:15276143	C	T
chr7:42088222	T	C
chr14:38061313	C	T
chr12:133220526	T	C
chr19:47342867	A	C
chr17:7577580	T	C
chrX:47426121	C	G
chr4:55593653	A	AACACAACTTCCTTATGAT
chr4:55593609	GT	TG
chr10:117228794	A	G
chr1:23885751	G	T
chr8:128748858	G	C
chr11:119149002	T	C
chr4:55595518	AC	GA
chr14:68290164		<CNV>
chr3:41266100	TC	CT
chrX:48549500	G	A
chr5:23509577		<CNV>
chr3:128202758	A	C
chr1:53692690		<CNV>
chr9:87549097		<CNV>
chr15:40675039		<CNV>
chr12:96992494	C	T
chr10:19498278	G	A
chr7:140453136	A	T
chr1:11168338	C	A
chr11:69456212	A	G
chr5:228383	C	T
chr5:96245343	C	T
chr7:32209425	A	G
chrX:76907627	G	A
chr1:201166383	G	A
chr7:55242511	G	T
chr14:42360633	T	C
chr4:55976873	G	T
chr5:149505133	C	G
chr10:123244982	G	A
chr2:29436902	G	A
chr9:139418260	A	G
chr2:39583446	A	G
chrX:129349295	T	G
chr11:119149002	T	C
chr5:112175235	C	A
chr11:32417941	C	CACTTTTT
chr7:116412039	AGAAGGTATATT	A
chr10:49628312	C	G
chr10:89692923	G	A
chr14:95557629	T	A
chr9:139399389	A	T
chr5:55260056	GACAAAATACACA	G
chr14:89205265	T	C
chr5:149497160		<CNV>
chr13:48941648	C	T
chr5:67591097	A	G
chr4:187627792	T	C
chr15:42042805	G	A
chr7:55227924	C	T
chr7:98490075		<CNV>
chr19:15289613	A	T
chr7:55241678	AAAC	G
chr22:41569609	C	T
chr3:178921551	A	G
chr7:55242467	AATTAAGAGAAGCAACATCTC	TCT
chr8:121210069	T	C
chr10:8115874	C	CG
chrX:70339264	CCAGCCTGCTGTCTCTGGGGAT	C
chr10:89624296	G	T
chr17:56435159	GA	G
chr2:99193496	C	T
chr17:7577543	C	G
chr1:248058891		<CNV>
chr1:156843698	T	C
chr20:52198392	T	A
chr9:133747528	G	A
chr1:16259813	A	G
chr11:22647366	G	A
chr8:128750921	T	G
chr2:178098807	T	G
chr7:140481417	C	A
chr17:33445549	G	A
chr9:133753889	A	T
chr1:155880159	T	C
chr9:139399367	G	GCTT
chr7:6042215	T	C
chr9:27062721	C	T
chr10:89692793	C	G
chr17:26824188	C	A
chr3:52443892	C	T
chr10:89692892	G	A
chr13:28592642	C	T
chr17:7577569	A	C
chr2:29443697	A	T
chr17:37881064	C	T
chr10:114925316	GA	G
chr9:133753879	G	A
chr12:49420214	G	A
chr17:7578271	T	G
chr7:116411898	TTAAGATC	ATA
chr3:41266137	C	G
chr11:69625511	T	C
chr4:1807891	G	T
chr17:74732959	G	T
chr19:36209128		<CNV>
chr17:7577559	G	C
chr7:148507463	T	C
chr9:8499822	C	T
chr9:133748414	T	G
chr1:43815008	TGG	AAA
chr5:256509	G	A
chr2:198266822	T	A
chr14:81610293	T	C
chr1:162724523		<CNV>
chr3:41266137	CTCTGAG	C
chr5:112175398	CAA	C
chr2:225371708	A	C
chr19:18278049	G	T
chr12:112888199	C	G
chr6:53989526	G	A
chr10:43615568	GC	TT
chr8:39494985		<CNV>
chr4:153249511	C	T
chr1:156843552	C	G
chr17:29541476	C	T
chr12:1035947	C	A
chr6:161502094	C	T
chr2:29443695	G	T
chr20:36012492		<CNV>
chr10:100148176	A	G
chr4:55595519	C	T
chr4:55599339	A	T
chr5:149505026	G	A
chr12:58145430	C	T
chr17:38508602	G	A
chr2:29443600	G	C
chr14:38061226	CGAACATGTT	C
chr22:22162014	C	T
chr7:106508905	G	A
chr17:7578269	G	T
chr15:66727483	G	A
chr4:55961110	G	A
chr3:47144868	G	A
chr1:65310518	G	A
chr5:96239258	T	A
chr4:55152095	ATCATGCATGATT	A
chr21:36252876	C	G
chr7:55242463	AAGGAATTAAGAG	A
chr9:133747516	G	C
chr5:70308251	C	T
chr14:95560463	T	C
chr11:108236087	G	T
chr11:32417942	A	AGGGT
chr4:55593607	A	ATCC
chr19:21719401	T	C
chrX:76763769		<CNV>
chr11:32417913	C	CT
chr4:55133716	CAGAGAA	C
chr11:55594705		<CNV>
chr17:41219645	G	A
chr17:7578191	A	G
chr22:22162014	C	T
chr9:133750328	T	G
chrX:66931463	T	A
chr6:31324887	GGGCCG	CTGCC
chr12:112888189	G	A
chr16:68844172	G	A
chr9:133748283	C	A
chr5:112175599	TA	T
chr1:172437592	G	A
chr19:4117617	C	T
chr7:55241708	G	C
chr19:14208444	A	G
chr10:49628312	C	T
chr3:138374244	T	G
chr22:42523758		<CNV>
chr7:116412043	GGTA	CC
chr9:35077441	T	C
chr17:56432226		<CNV>
chr10:30316208	T	C
